"uid","timestamp","location.lat","location.long","individual.taxon.canonical.name","tag.local.identifier"
43179,2009-03-08 12:27:33,53.073693,-117.897837,"Alces alces",31
43180,2009-03-08 14:02:41,53.077113,-117.89494,"Alces alces",31
43181,2009-03-08 16:03:03,53.076732,-117.894973,"Alces alces",31
43182,2009-03-08 18:03:03,53.076742,-117.89536,"Alces alces",31
43183,2009-03-08 20:02:40,53.076822,-117.895513,"Alces alces",31
43184,2009-03-08 22:02:40,53.077202,-117.895618,"Alces alces",31
43185,2009-03-09 00:02:40,53.077285,-117.895537,"Alces alces",31
43186,2009-03-09 02:02:41,53.077525,-117.895495,"Alces alces",31
43187,2009-03-09 04:03:04,53.077553,-117.895608,"Alces alces",31
43188,2009-03-09 06:02:40,53.07792,-117.895685,"Alces alces",31
43189,2009-03-09 08:02:58,53.078332,-117.89559,"Alces alces",31
43190,2009-03-09 10:02:41,53.07807,-117.895185,"Alces alces",31
43191,2009-03-09 12:02:58,53.084618,-117.8991,"Alces alces",31
43192,2009-03-09 14:02:40,53.084403,-117.898783,"Alces alces",31
43193,2009-03-09 16:03:03,53.084398,-117.8985,"Alces alces",31
43194,2009-03-09 18:02:41,53.084292,-117.898342,"Alces alces",31
43195,2009-03-09 20:02:55,53.0839,-117.897883,"Alces alces",31
43196,2009-03-09 22:03:03,53.083737,-117.897713,"Alces alces",31
43197,2009-03-10 00:02:42,53.083783,-117.897227,"Alces alces",31
43198,2009-03-10 02:03:04,53.083762,-117.897387,"Alces alces",31
43199,2009-03-10 04:03:04,53.083855,-117.896937,"Alces alces",31
43200,2009-03-10 06:02:40,53.083885,-117.896933,"Alces alces",31
43201,2009-03-10 08:02:40,53.083972,-117.896488,"Alces alces",31
43202,2009-03-10 10:03:04,53.083757,-117.896622,"Alces alces",31
43203,2009-03-10 12:02:40,53.083778,-117.8966,"Alces alces",31
43204,2009-03-10 14:03:00,53.083162,-117.8972,"Alces alces",31
43205,2009-03-10 16:03:05,53.082715,-117.897117,"Alces alces",31
43206,2009-03-10 18:03:00,53.083117,-117.897473,"Alces alces",31
43207,2009-03-10 20:02:40,53.083065,-117.897498,"Alces alces",31
43208,2009-03-10 22:02:54,53.083935,-117.896963,"Alces alces",31
43209,2009-03-11 00:03:04,53.084062,-117.89695,"Alces alces",31
43210,2009-03-11 02:02:41,53.083827,-117.896202,"Alces alces",31
43211,2009-03-11 04:03:03,53.083695,-117.896192,"Alces alces",31
43212,2009-03-11 06:03:03,53.083878,-117.896113,"Alces alces",31
43213,2009-03-11 08:02:40,53.083555,-117.895835,"Alces alces",31
43214,2009-03-11 10:03:03,53.083578,-117.895873,"Alces alces",31
43215,2009-03-11 12:02:40,53.083242,-117.896218,"Alces alces",31
43216,2009-03-11 14:02:47,53.08327,-117.896198,"Alces alces",31
43217,2009-03-11 16:03:06,53.083008,-117.895772,"Alces alces",31
43218,2009-03-11 18:03:03,53.083187,-117.895098,"Alces alces",31
43219,2009-03-11 20:02:45,53.082898,-117.895068,"Alces alces",31
43220,2009-03-11 22:03:03,53.08176,-117.894063,"Alces alces",31
43221,2009-03-12 00:02:47,53.081793,-117.894233,"Alces alces",31
43222,2009-03-12 02:02:40,53.082032,-117.893825,"Alces alces",31
43223,2009-03-12 04:02:41,53.082138,-117.893632,"Alces alces",31
43224,2009-03-12 06:03:04,53.082083,-117.893548,"Alces alces",31
43225,2009-03-12 08:02:42,53.081693,-117.893157,"Alces alces",31
43226,2009-03-12 10:03:04,53.081478,-117.893997,"Alces alces",31
43227,2009-03-12 12:02:40,53.081468,-117.894022,"Alces alces",31
43228,2009-03-12 14:02:46,53.08142,-117.894108,"Alces alces",31
43229,2009-03-12 16:03:04,53.081492,-117.89424,"Alces alces",31
43230,2009-03-12 18:02:40,53.081525,-117.89409,"Alces alces",31
43231,2009-03-12 20:02:41,53.080897,-117.892713,"Alces alces",31
43232,2009-03-12 22:02:40,53.080832,-117.892737,"Alces alces",31
43233,2009-03-13 00:02:41,53.080885,-117.893398,"Alces alces",31
43234,2009-03-13 02:03:03,53.080847,-117.892247,"Alces alces",31
43235,2009-03-13 04:02:59,53.080817,-117.892368,"Alces alces",31
43236,2009-03-13 06:02:42,53.080702,-117.891902,"Alces alces",31
43237,2009-03-13 08:02:55,53.08055,-117.891767,"Alces alces",31
43238,2009-03-13 10:03:03,53.080975,-117.891247,"Alces alces",31
43239,2009-03-13 12:02:38,53.080863,-117.891275,"Alces alces",31
43240,2009-03-13 14:03:12,53.0812,-117.891727,"Alces alces",31
43241,2009-03-13 16:03:04,53.081137,-117.891692,"Alces alces",31
43242,2009-03-13 18:03:05,53.081498,-117.891567,"Alces alces",31
43243,2009-03-13 20:02:37,53.081405,-117.891558,"Alces alces",31
43244,2009-03-13 22:02:40,53.081515,-117.891977,"Alces alces",31
43245,2009-03-14 00:02:41,53.081675,-117.89294,"Alces alces",31
43246,2009-03-14 02:02:42,53.081672,-117.89227,"Alces alces",31
43247,2009-03-14 04:02:52,53.081745,-117.89255,"Alces alces",31
43248,2009-03-14 06:02:40,53.081465,-117.892412,"Alces alces",31
43249,2009-03-14 08:02:37,53.081507,-117.892313,"Alces alces",31
43250,2009-03-14 10:03:04,53.081297,-117.891797,"Alces alces",31
43251,2009-03-14 12:02:37,53.081478,-117.891725,"Alces alces",31
43252,2009-03-14 14:02:40,53.081445,-117.891015,"Alces alces",31
43253,2009-03-14 16:03:04,53.081575,-117.89109,"Alces alces",31
43254,2009-03-14 18:02:37,53.081603,-117.891063,"Alces alces",31
43255,2009-03-14 20:02:40,53.081945,-117.890848,"Alces alces",31
43256,2009-03-14 22:02:41,53.081812,-117.890323,"Alces alces",31
43257,2009-03-15 00:02:37,53.081902,-117.890663,"Alces alces",31
43258,2009-03-15 02:02:40,53.081993,-117.891177,"Alces alces",31
43259,2009-03-15 04:03:03,53.082067,-117.89098,"Alces alces",31
43260,2009-03-15 06:02:41,53.082043,-117.890988,"Alces alces",31
43261,2009-03-15 08:03:14,53.082028,-117.890623,"Alces alces",31
43262,2009-03-15 10:03:03,53.081995,-117.890732,"Alces alces",31
43263,2009-03-15 12:03:03,53.081848,-117.891555,"Alces alces",31
43264,2009-03-15 14:02:40,53.08183,-117.891543,"Alces alces",31
43265,2009-03-15 16:03:03,53.082097,-117.892187,"Alces alces",31
43266,2009-03-15 18:02:41,53.082195,-117.892202,"Alces alces",31
43267,2009-03-15 20:02:41,53.082325,-117.892482,"Alces alces",31
43268,2009-03-15 22:02:41,53.082325,-117.891502,"Alces alces",31
43269,2009-03-16 00:02:56,53.082358,-117.891443,"Alces alces",31
43270,2009-03-16 02:02:41,53.082347,-117.891458,"Alces alces",31
43271,2009-03-16 04:02:41,53.082107,-117.891545,"Alces alces",31
43272,2009-03-16 06:02:52,53.082295,-117.891512,"Alces alces",31
43273,2009-03-16 08:02:41,53.081698,-117.891387,"Alces alces",31
43274,2009-03-16 10:03:04,53.081555,-117.891738,"Alces alces",31
43275,2009-03-16 12:02:40,53.08161,-117.891812,"Alces alces",31
43276,2009-03-16 14:02:41,53.08073,-117.890975,"Alces alces",31
43277,2009-03-16 16:03:03,53.081033,-117.89133,"Alces alces",31
43278,2009-03-16 18:02:58,53.081097,-117.891255,"Alces alces",31
43279,2009-03-16 20:03:03,53.080547,-117.890513,"Alces alces",31
43280,2009-03-16 22:02:41,53.080563,-117.890513,"Alces alces",31
43281,2009-03-17 00:02:41,53.080503,-117.89067,"Alces alces",31
43282,2009-03-17 02:02:41,53.080313,-117.88995,"Alces alces",31
43283,2009-03-17 04:02:41,53.080262,-117.890037,"Alces alces",31
43284,2009-03-17 06:03:53,53.08023,-117.890073,"Alces alces",31
43285,2009-03-17 08:02:41,53.080127,-117.890378,"Alces alces",31
43286,2009-03-17 10:03:04,53.080013,-117.890243,"Alces alces",31
43287,2009-03-17 12:02:40,53.080135,-117.890373,"Alces alces",31
43288,2009-03-17 14:02:44,53.080068,-117.890245,"Alces alces",31
43289,2009-03-17 16:03:04,53.079802,-117.889593,"Alces alces",31
43290,2009-03-17 18:02:41,53.079793,-117.889465,"Alces alces",31
43291,2009-03-17 20:03:03,53.079533,-117.889567,"Alces alces",31
43292,2009-03-17 22:02:41,53.079153,-117.890172,"Alces alces",31
43293,2009-03-18 00:02:41,53.079053,-117.889933,"Alces alces",31
43294,2009-03-18 02:02:40,53.079258,-117.89027,"Alces alces",31
43295,2009-03-18 04:03:03,53.079202,-117.89024,"Alces alces",31
43296,2009-03-18 06:04:00,53.079152,-117.890403,"Alces alces",31
43297,2009-03-18 08:03:00,53.07932,-117.890475,"Alces alces",31
43298,2009-03-18 10:02:52,53.079345,-117.890562,"Alces alces",31
43299,2009-03-18 12:02:47,53.079075,-117.891032,"Alces alces",31
43300,2009-03-18 14:02:50,53.079047,-117.890928,"Alces alces",31
43301,2009-03-18 16:02:47,53.07963,-117.89155,"Alces alces",31
43302,2009-03-18 18:02:40,53.07959,-117.891608,"Alces alces",31
43303,2009-03-18 20:02:42,53.079973,-117.892177,"Alces alces",31
43304,2009-03-18 22:03:03,53.079938,-117.892193,"Alces alces",31
43305,2009-03-19 00:02:40,53.079917,-117.892228,"Alces alces",31
43306,2009-03-19 02:02:41,53.080212,-117.892515,"Alces alces",31
43307,2009-03-19 04:02:40,53.08012,-117.892565,"Alces alces",31
43308,2009-03-19 06:04:00,53.080138,-117.892603,"Alces alces",31
43309,2009-03-19 08:02:40,53.079948,-117.893265,"Alces alces",31
43310,2009-03-19 10:02:52,53.08016,-117.89343,"Alces alces",31
43311,2009-03-19 12:02:43,53.080025,-117.893405,"Alces alces",31
43312,2009-03-19 14:02:40,53.079335,-117.89196,"Alces alces",31
43313,2009-03-19 16:02:51,53.079322,-117.892002,"Alces alces",31
43314,2009-03-19 18:03:06,53.079207,-117.891405,"Alces alces",31
43315,2009-03-19 20:03:03,53.078467,-117.888942,"Alces alces",31
43316,2009-03-19 22:02:37,53.078458,-117.888797,"Alces alces",31
43317,2009-03-20 00:02:41,53.078457,-117.888857,"Alces alces",31
43318,2009-03-20 02:02:41,53.078803,-117.888498,"Alces alces",31
43319,2009-03-20 04:03:04,53.078788,-117.88847,"Alces alces",31
43320,2009-03-20 06:02:41,53.078778,-117.88848,"Alces alces",31
43321,2009-03-20 08:03:59,53.07844,-117.888337,"Alces alces",31
43322,2009-03-20 10:02:48,53.078377,-117.888458,"Alces alces",31
43323,2009-03-20 12:03:03,53.07827,-117.88816,"Alces alces",31
43324,2009-03-20 14:03:04,53.078162,-117.887648,"Alces alces",31
43325,2009-03-20 16:02:41,53.078008,-117.887697,"Alces alces",31
43326,2009-03-20 18:03:04,53.077817,-117.88743,"Alces alces",31
43327,2009-03-20 20:02:41,53.077703,-117.887665,"Alces alces",31
43328,2009-03-20 22:02:41,53.07798,-117.888378,"Alces alces",31
43329,2009-03-21 00:03:04,53.078142,-117.887988,"Alces alces",31
43330,2009-03-21 02:02:40,53.078082,-117.887447,"Alces alces",31
43331,2009-03-21 04:03:04,53.078688,-117.887417,"Alces alces",31
43332,2009-03-21 06:02:41,53.078702,-117.887435,"Alces alces",31
43333,2009-03-21 08:02:42,53.078568,-117.88705,"Alces alces",31
43334,2009-03-21 10:03:03,53.078567,-117.886903,"Alces alces",31
43335,2009-03-21 12:02:47,53.078508,-117.886725,"Alces alces",31
43336,2009-03-21 14:02:59,53.07845,-117.886217,"Alces alces",31
43337,2009-03-21 16:03:04,53.078028,-117.886243,"Alces alces",31
43338,2009-03-21 18:02:41,53.077997,-117.88635,"Alces alces",31
43339,2009-03-21 20:02:42,53.078007,-117.886452,"Alces alces",31
43340,2009-03-21 22:02:56,53.077813,-117.887148,"Alces alces",31
43341,2009-03-22 00:03:03,53.077823,-117.886957,"Alces alces",31
43342,2009-03-22 02:02:41,53.078177,-117.886943,"Alces alces",31
43343,2009-03-22 04:03:03,53.07809,-117.886882,"Alces alces",31
43344,2009-03-22 06:02:41,53.07856,-117.885842,"Alces alces",31
43345,2009-03-22 08:02:36,53.078145,-117.885312,"Alces alces",31
43346,2009-03-22 10:03:03,53.078127,-117.885257,"Alces alces",31
43347,2009-03-22 12:02:40,53.078145,-117.885302,"Alces alces",31
43348,2009-03-22 14:03:07,53.077998,-117.885043,"Alces alces",31
43349,2009-03-22 16:03:03,53.077992,-117.885067,"Alces alces",31
43350,2009-03-22 18:02:41,53.077587,-117.885575,"Alces alces",31
43351,2009-03-22 20:02:41,53.077542,-117.885513,"Alces alces",31
43352,2009-03-22 22:02:41,53.077608,-117.885397,"Alces alces",31
43353,2009-03-23 00:02:42,53.077242,-117.885387,"Alces alces",31
43354,2009-03-23 02:02:41,53.07716,-117.885342,"Alces alces",31
43355,2009-03-23 04:02:43,53.077188,-117.885335,"Alces alces",31
43356,2009-03-23 06:02:41,53.07708,-117.885392,"Alces alces",31
43357,2009-03-23 08:02:36,53.076897,-117.885292,"Alces alces",31
43358,2009-03-23 10:02:53,53.076958,-117.885352,"Alces alces",31
43359,2009-03-23 12:02:40,53.077135,-117.88671,"Alces alces",31
43360,2009-03-23 14:03:04,53.07719,-117.886752,"Alces alces",31
43361,2009-03-23 16:03:04,53.077448,-117.886602,"Alces alces",31
43362,2009-03-23 18:03:03,53.077605,-117.887452,"Alces alces",31
43363,2009-03-23 20:02:47,53.07767,-117.887452,"Alces alces",31
43364,2009-03-23 22:02:41,53.077737,-117.887343,"Alces alces",31
43365,2009-03-24 00:02:40,53.077898,-117.887405,"Alces alces",31
43366,2009-03-24 02:02:48,53.078268,-117.88914,"Alces alces",31
43367,2009-03-24 04:03:03,53.078275,-117.889208,"Alces alces",31
43368,2009-03-24 06:02:41,53.078292,-117.889192,"Alces alces",31
43369,2009-03-24 08:03:06,53.078495,-117.889467,"Alces alces",31
43370,2009-03-24 10:03:04,53.078568,-117.889562,"Alces alces",31
43371,2009-03-24 12:02:37,53.078692,-117.890083,"Alces alces",31
43372,2009-03-24 14:02:53,53.07956,-117.891088,"Alces alces",31
43373,2009-03-24 16:02:36,53.079903,-117.891815,"Alces alces",31
43374,2009-03-24 18:03:04,53.079938,-117.891817,"Alces alces",31
43375,2009-03-24 20:02:41,53.080022,-117.892077,"Alces alces",31
43376,2009-03-24 22:03:03,53.080188,-117.892422,"Alces alces",31
43377,2009-03-25 00:02:40,53.080308,-117.892488,"Alces alces",31
43378,2009-03-25 02:02:40,53.080553,-117.892748,"Alces alces",31
43379,2009-03-25 04:02:43,53.08065,-117.892987,"Alces alces",31
43380,2009-03-25 06:03:03,53.080545,-117.89296,"Alces alces",31
43381,2009-03-25 08:03:22,53.080922,-117.893783,"Alces alces",31
43382,2009-03-25 10:02:41,53.081362,-117.894745,"Alces alces",31
43383,2009-03-25 12:03:01,53.081287,-117.89468,"Alces alces",31
43384,2009-03-25 14:02:41,53.082618,-117.895958,"Alces alces",31
43385,2009-03-25 16:03:03,53.082713,-117.895888,"Alces alces",31
43386,2009-03-25 18:03:04,53.082612,-117.895895,"Alces alces",31
43387,2009-03-25 20:02:41,53.082807,-117.896682,"Alces alces",31
43388,2009-03-25 22:03:01,53.082847,-117.89545,"Alces alces",31
43389,2009-03-26 00:02:41,53.082953,-117.89556,"Alces alces",31
43390,2009-03-26 02:02:42,53.082722,-117.894702,"Alces alces",31
43391,2009-03-26 04:03:03,53.082415,-117.893758,"Alces alces",31
43392,2009-03-26 06:02:41,53.0825,-117.893885,"Alces alces",31
43393,2009-03-26 08:02:52,53.082418,-117.893662,"Alces alces",31
43394,2009-03-26 10:02:41,53.082583,-117.893553,"Alces alces",31
43395,2009-03-26 12:02:48,53.082268,-117.893598,"Alces alces",31
43396,2009-03-26 14:03:03,53.082593,-117.893687,"Alces alces",31
43397,2009-03-26 16:02:48,53.082465,-117.893363,"Alces alces",31
43398,2009-03-26 18:02:41,53.082525,-117.893368,"Alces alces",31
43399,2009-03-26 20:02:41,53.082943,-117.89326,"Alces alces",31
43400,2009-03-26 22:02:41,53.08277,-117.893298,"Alces alces",31
43401,2009-03-27 00:02:50,53.082923,-117.89334,"Alces alces",31
43402,2009-03-27 02:02:41,53.083102,-117.894373,"Alces alces",31
43403,2009-03-27 04:03:04,53.082992,-117.894282,"Alces alces",31
43404,2009-03-27 06:02:40,53.082997,-117.894398,"Alces alces",31
43405,2009-03-27 08:03:09,53.082967,-117.894822,"Alces alces",31
43406,2009-03-27 10:02:40,53.08273,-117.895002,"Alces alces",31
43407,2009-03-27 12:02:49,53.082898,-117.894977,"Alces alces",31
43408,2009-03-27 14:03:03,53.083327,-117.894407,"Alces alces",31
43409,2009-03-27 16:02:40,53.083153,-117.895007,"Alces alces",31
43410,2009-03-27 18:02:41,53.083138,-117.895063,"Alces alces",31
43411,2009-03-27 20:02:37,53.083652,-117.89499,"Alces alces",31
43412,2009-03-27 22:02:41,53.083358,-117.895273,"Alces alces",31
43413,2009-03-28 00:02:41,53.083385,-117.89537,"Alces alces",31
43414,2009-03-28 02:02:40,53.083295,-117.895015,"Alces alces",31
43415,2009-03-28 04:03:03,53.083252,-117.895055,"Alces alces",31
43416,2009-03-28 06:02:40,53.083622,-117.894765,"Alces alces",31
43417,2009-03-28 08:03:03,53.08339,-117.895693,"Alces alces",31
43418,2009-03-28 10:02:44,53.083172,-117.896083,"Alces alces",31
43419,2009-03-28 12:03:03,53.083212,-117.896165,"Alces alces",31
43420,2009-03-28 14:03:04,53.083192,-117.896308,"Alces alces",31
43421,2009-03-28 16:02:40,53.0836,-117.89784,"Alces alces",31
43422,2009-03-28 18:03:03,53.0835,-117.898003,"Alces alces",31
43423,2009-03-28 20:03:04,53.084377,-117.897562,"Alces alces",31
43424,2009-03-28 22:02:37,53.084357,-117.896748,"Alces alces",31
43425,2009-03-29 00:02:58,53.084248,-117.896653,"Alces alces",31
43426,NA,53.084138,-117.895962,"Alces alces",31
43427,2009-03-29 04:03:03,53.083737,-117.895598,"Alces alces",31
43428,2009-03-29 06:02:41,53.083778,-117.89549,"Alces alces",31
43429,2009-03-29 08:04:00,53.084107,-117.895618,"Alces alces",31
43430,2009-03-29 10:04:00,53.093273,-117.908188,"Alces alces",31
43431,2009-03-29 12:03:03,53.094737,-117.905633,"Alces alces",31
43432,2009-03-29 14:03:05,53.09486,-117.905667,"Alces alces",31
43433,2009-03-29 16:02:47,53.095242,-117.90553,"Alces alces",31
43434,2009-03-29 18:02:48,53.095228,-117.905628,"Alces alces",31
43435,2009-03-29 20:02:41,53.095517,-117.90613,"Alces alces",31
43436,2009-03-29 22:02:41,53.09555,-117.905923,"Alces alces",31
43437,2009-03-30 00:03:00,53.094998,-117.906022,"Alces alces",31
43438,2009-03-30 02:03:04,53.09522,-117.906653,"Alces alces",31
43439,2009-03-30 04:03:03,53.095122,-117.906655,"Alces alces",31
43440,2009-03-30 06:02:40,53.095187,-117.906618,"Alces alces",31
43441,2009-03-30 08:02:53,53.095887,-117.906567,"Alces alces",31
43442,2009-03-30 10:02:59,53.095893,-117.906558,"Alces alces",31
43443,2009-03-30 12:02:58,53.097157,-117.906617,"Alces alces",31
43444,2009-03-30 14:02:41,53.097678,-117.906092,"Alces alces",31
43445,2009-03-30 16:02:40,53.097658,-117.90645,"Alces alces",31
43446,2009-03-30 18:03:06,53.097732,-117.905887,"Alces alces",31
43447,2009-03-30 20:03:03,53.097923,-117.90551,"Alces alces",31
43448,2009-03-30 22:02:40,53.098068,-117.905533,"Alces alces",31
43449,2009-03-31 00:03:03,53.098038,-117.905567,"Alces alces",31
43450,2009-03-31 02:02:41,53.098315,-117.905768,"Alces alces",31
43451,2009-03-31 04:03:04,53.098193,-117.90608,"Alces alces",31
43452,2009-03-31 06:03:03,53.098215,-117.906017,"Alces alces",31
43453,2009-03-31 08:04:00,53.098148,-117.905358,"Alces alces",31
43454,2009-03-31 10:02:56,53.097822,-117.905455,"Alces alces",31
43455,2009-03-31 12:02:41,53.097855,-117.904948,"Alces alces",31
43456,2009-03-31 14:02:58,53.09785,-117.90468,"Alces alces",31
43457,2009-03-31 16:03:04,53.097953,-117.904517,"Alces alces",31
43458,2009-03-31 18:02:41,53.098018,-117.904522,"Alces alces",31
43459,2009-03-31 20:02:41,53.098345,-117.904683,"Alces alces",31
43460,2009-03-31 22:02:41,53.098282,-117.904847,"Alces alces",31
43461,2009-04-01 00:03:03,53.09856,-117.904817,"Alces alces",31
43462,2009-04-01 02:03:58,53.09848,-117.90531,"Alces alces",31
43463,2009-04-01 04:03:03,53.098467,-117.905307,"Alces alces",31
43464,2009-04-01 06:02:41,53.0986,-117.906508,"Alces alces",31
43465,2009-04-01 08:03:03,53.098807,-117.906992,"Alces alces",31
43466,2009-04-01 10:02:42,53.098703,-117.906865,"Alces alces",31
43467,2009-04-01 12:02:40,53.098887,-117.906723,"Alces alces",31
43468,2009-04-01 14:03:06,53.099445,-117.90654,"Alces alces",31
43469,2009-04-01 16:03:03,53.099207,-117.907388,"Alces alces",31
43470,2009-04-01 18:02:41,53.09923,-117.907498,"Alces alces",31
43471,2009-04-01 20:02:49,53.099472,-117.90685,"Alces alces",31
43472,2009-04-01 22:02:40,53.099263,-117.90722,"Alces alces",31
43473,2009-04-02 00:02:41,53.099375,-117.907035,"Alces alces",31
43474,2009-04-02 02:02:52,53.099373,-117.906735,"Alces alces",31
43475,2009-04-02 04:03:03,53.0993,-117.906075,"Alces alces",31
43476,2009-04-02 06:02:40,53.099265,-117.906098,"Alces alces",31
43477,2009-04-02 08:03:51,53.099087,-117.905165,"Alces alces",31
43478,2009-04-02 10:02:41,53.099125,-117.905238,"Alces alces",31
43479,2009-04-02 12:03:05,53.098942,-117.90456,"Alces alces",31
43480,2009-04-02 14:03:05,53.099102,-117.904738,"Alces alces",31
43481,2009-04-02 16:02:41,53.099382,-117.904792,"Alces alces",31
43482,2009-04-02 18:02:41,53.098822,-117.904605,"Alces alces",31
43483,2009-04-02 20:02:41,53.0989,-117.904312,"Alces alces",31
43484,2009-04-02 22:02:41,53.099772,-117.904657,"Alces alces",31
43485,2009-04-03 00:03:03,53.099788,-117.904757,"Alces alces",31
43486,2009-04-03 02:02:42,53.099603,-117.90437,"Alces alces",31
43487,2009-04-03 04:03:04,53.099272,-117.904903,"Alces alces",31
43488,2009-04-03 06:03:03,53.099295,-117.904847,"Alces alces",31
43489,2009-04-03 08:03:15,53.099545,-117.906642,"Alces alces",31
43490,2009-04-03 10:03:03,53.099608,-117.90655,"Alces alces",31
43491,2009-04-03 12:02:41,53.099802,-117.907288,"Alces alces",31
43492,2009-04-03 14:03:04,53.099687,-117.908063,"Alces alces",31
43493,2009-04-03 16:02:58,53.099713,-117.907877,"Alces alces",31
43494,2009-04-03 18:03:03,53.099283,-117.908138,"Alces alces",31
43495,2009-04-03 20:02:41,53.099292,-117.907988,"Alces alces",31
43496,2009-04-03 22:02:49,53.099267,-117.906672,"Alces alces",31
43497,2009-04-04 00:02:51,53.09927,-117.906817,"Alces alces",31
43498,2009-04-04 02:03:07,53.09939,-117.906843,"Alces alces",31
43499,2009-04-04 04:03:04,53.098797,-117.906113,"Alces alces",31
43500,2009-04-04 06:02:41,53.098733,-117.906018,"Alces alces",31
43501,2009-04-04 08:04:00,53.098965,-117.906468,"Alces alces",31
43502,2009-04-04 10:03:04,53.0994,-117.906387,"Alces alces",31
43503,2009-04-04 12:02:59,53.099223,-117.906423,"Alces alces",31
43504,2009-04-04 14:03:01,53.099705,-117.906813,"Alces alces",31
43505,2009-04-04 16:02:41,53.099658,-117.906893,"Alces alces",31
43506,2009-04-04 18:02:41,53.099963,-117.906905,"Alces alces",31
43507,2009-04-04 20:02:41,53.100085,-117.906917,"Alces alces",31
43508,2009-04-04 22:02:37,53.09989,-117.907415,"Alces alces",31
43509,2009-04-05 00:03:04,53.099802,-117.907612,"Alces alces",31
43510,2009-04-05 02:02:41,53.099827,-117.907607,"Alces alces",31
43511,2009-04-05 04:02:51,53.099678,-117.907705,"Alces alces",31
43512,2009-04-05 06:04:00,53.099988,-117.907922,"Alces alces",31
43513,2009-04-05 08:04:00,53.099947,-117.908185,"Alces alces",31
43514,2009-04-05 10:03:03,53.10011,-117.9086,"Alces alces",31
43515,2009-04-05 12:03:05,53.100075,-117.908575,"Alces alces",31
43516,2009-04-05 14:03:03,53.100075,-117.90947,"Alces alces",31
43517,2009-04-05 16:02:46,53.099975,-117.90941,"Alces alces",31
43518,2009-04-05 18:02:53,53.100647,-117.90943,"Alces alces",31
43519,2009-04-05 20:03:03,53.100735,-117.909368,"Alces alces",31
43520,2009-04-05 22:02:48,53.100177,-117.910162,"Alces alces",31
43521,2009-04-06 00:03:04,53.10008,-117.910208,"Alces alces",31
43522,2009-04-06 02:02:51,53.09955,-117.910317,"Alces alces",31
43523,2009-04-06 04:03:06,53.099405,-117.909877,"Alces alces",31
43524,2009-04-06 06:03:05,53.099385,-117.909837,"Alces alces",31
43525,2009-04-06 08:03:04,53.09907,-117.909463,"Alces alces",31
43526,2009-04-06 10:02:37,53.099195,-117.909495,"Alces alces",31
43527,2009-04-06 12:02:47,53.09915,-117.909475,"Alces alces",31
43528,2009-04-06 14:03:04,53.09925,-117.911058,"Alces alces",31
43529,2009-04-06 16:03:05,53.099263,-117.911118,"Alces alces",31
43530,2009-04-06 18:02:42,53.099472,-117.911767,"Alces alces",31
43531,2009-04-06 20:02:37,53.09955,-117.911732,"Alces alces",31
43532,2009-04-06 22:02:36,53.099552,-117.911615,"Alces alces",31
43533,2009-04-07 00:03:03,53.09924,-117.910452,"Alces alces",31
43534,2009-04-07 02:02:40,53.099238,-117.910505,"Alces alces",31
43535,2009-04-07 04:02:57,53.099368,-117.91057,"Alces alces",31
43536,2009-04-07 06:03:04,53.099465,-117.910625,"Alces alces",31
43537,2009-04-07 08:03:04,53.099377,-117.910675,"Alces alces",31
43538,2009-04-07 10:02:47,53.099938,-117.912223,"Alces alces",31
43539,2009-04-07 12:02:41,53.099667,-117.911985,"Alces alces",31
43540,2009-04-07 14:04:00,53.100068,-117.912683,"Alces alces",31
43541,2009-04-07 16:03:04,53.100135,-117.912508,"Alces alces",31
43542,2009-04-07 18:02:49,53.100072,-117.913412,"Alces alces",31
43543,2009-04-07 20:03:03,53.099935,-117.913428,"Alces alces",31
43544,2009-04-07 22:03:03,53.099483,-117.913712,"Alces alces",31
43545,2009-04-08 00:03:03,53.099482,-117.91368,"Alces alces",31
43546,2009-04-08 02:02:41,53.098735,-117.913983,"Alces alces",31
43547,2009-04-08 04:03:04,53.098562,-117.913832,"Alces alces",31
43548,2009-04-08 06:02:55,53.098762,-117.913923,"Alces alces",31
43549,2009-04-08 08:03:25,53.098663,-117.914223,"Alces alces",31
43550,2009-04-08 10:03:01,53.099025,-117.91436,"Alces alces",31
43551,2009-04-08 12:02:40,53.098825,-117.913647,"Alces alces",31
43552,2009-04-08 14:03:03,53.09887,-117.913742,"Alces alces",31
43553,2009-04-08 16:02:41,53.099212,-117.914342,"Alces alces",31
43554,2009-04-08 18:02:41,53.099202,-117.914905,"Alces alces",31
43555,2009-04-08 20:02:41,53.099183,-117.915072,"Alces alces",31
43556,2009-04-08 22:03:34,53.09919,-117.915198,"Alces alces",31
43557,2009-04-09 00:02:41,53.099233,-117.915102,"Alces alces",31
43558,2009-04-09 02:02:40,53.099497,-117.915617,"Alces alces",31
43559,2009-04-09 04:02:41,53.099333,-117.915592,"Alces alces",31
43560,2009-04-09 06:02:50,53.099602,-117.915483,"Alces alces",31
43561,2009-04-09 08:03:03,53.099967,-117.916142,"Alces alces",31
43562,2009-04-09 10:02:41,53.100088,-117.916307,"Alces alces",31
43563,2009-04-09 12:02:41,53.100132,-117.916448,"Alces alces",31
43564,2009-04-09 14:03:04,53.099865,-117.916268,"Alces alces",31
43565,2009-04-09 16:02:41,53.099887,-117.916228,"Alces alces",31
43566,2009-04-09 18:02:42,53.099803,-117.916787,"Alces alces",31
43567,2009-04-09 20:02:41,53.099978,-117.916938,"Alces alces",31
43568,2009-04-09 22:02:41,53.099982,-117.917425,"Alces alces",31
43569,2009-04-10 00:03:04,53.0998,-117.917113,"Alces alces",31
43570,2009-04-10 02:03:04,53.09977,-117.91689,"Alces alces",31
43571,2009-04-10 04:04:00,53.099718,-117.91688,"Alces alces",31
43572,2009-04-10 06:02:51,53.099887,-117.916698,"Alces alces",31
43573,2009-04-10 08:03:04,53.100167,-117.91684,"Alces alces",31
43574,2009-04-10 10:02:37,53.100288,-117.916805,"Alces alces",31
43575,2009-04-10 12:03:28,53.100265,-117.91667,"Alces alces",31
43576,2009-04-10 14:03:05,53.10044,-117.916242,"Alces alces",31
43577,2009-04-10 16:04:00,53.100255,-117.916402,"Alces alces",31
43578,2009-04-10 18:02:37,53.10029,-117.917293,"Alces alces",31
43579,2009-04-10 20:02:40,53.100467,-117.916675,"Alces alces",31
43580,2009-04-10 22:03:04,53.100508,-117.916708,"Alces alces",31
43581,2009-04-11 00:03:04,53.100537,-117.916813,"Alces alces",31
43582,2009-04-11 02:03:03,53.100648,-117.916873,"Alces alces",31
43583,2009-04-11 04:04:00,53.100653,-117.916652,"Alces alces",31
43584,2009-04-11 06:03:46,53.10037,-117.916457,"Alces alces",31
43585,2009-04-11 08:03:07,53.100232,-117.916732,"Alces alces",31
43586,2009-04-11 10:02:57,53.100893,-117.917247,"Alces alces",31
43587,2009-04-11 12:03:03,53.1009,-117.917257,"Alces alces",31
43588,2009-04-11 14:03:04,53.10127,-117.918357,"Alces alces",31
43589,2009-04-11 16:02:41,53.101562,-117.918463,"Alces alces",31
43590,2009-04-11 18:02:46,53.101638,-117.918627,"Alces alces",31
43591,2009-04-11 20:02:40,53.101503,-117.919293,"Alces alces",31
43592,2009-04-11 22:03:03,53.10092,-117.918652,"Alces alces",31
43593,2009-04-12 00:02:40,53.100438,-117.91848,"Alces alces",31
43594,2009-04-12 02:03:04,53.100247,-117.917552,"Alces alces",31
43595,2009-04-12 04:04:00,53.100255,-117.917558,"Alces alces",31
43596,2009-04-12 06:04:00,53.100307,-117.917295,"Alces alces",31
43597,2009-04-12 08:03:03,53.100438,-117.917323,"Alces alces",31
43598,2009-04-12 10:02:37,53.100345,-117.917033,"Alces alces",31
43599,2009-04-12 12:03:04,53.100175,-117.91672,"Alces alces",31
43600,2009-04-12 14:03:04,53.10013,-117.916713,"Alces alces",31
43601,2009-04-12 16:04:00,53.099165,-117.916167,"Alces alces",31
43602,2009-04-12 18:03:03,53.099242,-117.916118,"Alces alces",31
43603,2009-04-12 20:02:40,53.099458,-117.91674,"Alces alces",31
43604,2009-04-12 22:03:03,53.099795,-117.91715,"Alces alces",31
43605,2009-04-13 00:02:44,53.099918,-117.917283,"Alces alces",31
43606,2009-04-13 02:03:04,53.099762,-117.916905,"Alces alces",31
43607,2009-04-13 04:04:00,53.09991,-117.91671,"Alces alces",31
43608,2009-04-13 06:03:22,53.09982,-117.91678,"Alces alces",31
43609,2009-04-13 08:03:04,53.10019,-117.916565,"Alces alces",31
43610,2009-04-13 10:02:39,53.100193,-117.916675,"Alces alces",31
43611,2009-04-13 12:02:55,53.100322,-117.91606,"Alces alces",31
43612,2009-04-13 14:03:04,53.100575,-117.916827,"Alces alces",31
43613,2009-04-13 16:02:41,53.100757,-117.916815,"Alces alces",31
43614,2009-04-13 18:03:04,53.100647,-117.916483,"Alces alces",31
43615,2009-04-13 20:02:45,53.1003,-117.916958,"Alces alces",31
43616,2009-04-13 22:03:14,53.100118,-117.916903,"Alces alces",31
43617,2009-04-14 00:02:42,53.100197,-117.916773,"Alces alces",31
43618,2009-04-14 02:03:00,53.100193,-117.916932,"Alces alces",31
43619,2009-04-14 04:04:00,53.099923,-117.917032,"Alces alces",31
43620,2009-04-14 06:02:40,53.099885,-117.916967,"Alces alces",31
43621,2009-04-14 08:03:04,53.099845,-117.91704,"Alces alces",31
43622,2009-04-14 10:02:40,53.100202,-117.91703,"Alces alces",31
43623,2009-04-14 12:02:59,53.099968,-117.916773,"Alces alces",31
43624,2009-04-14 14:03:24,53.100385,-117.916883,"Alces alces",31
43625,2009-04-14 16:03:03,53.100503,-117.916912,"Alces alces",31
43626,2009-04-14 18:03:23,53.100443,-117.917317,"Alces alces",31
43627,2009-04-14 20:02:40,53.100278,-117.917578,"Alces alces",31
43628,2009-04-14 22:03:03,53.099873,-117.917322,"Alces alces",31
43629,2009-04-15 00:02:41,53.099827,-117.917178,"Alces alces",31
43630,2009-04-15 02:02:41,53.099708,-117.917022,"Alces alces",31
43631,2009-04-15 04:04:00,53.099852,-117.91647,"Alces alces",31
43632,2009-04-15 06:04:00,53.099665,-117.916278,"Alces alces",31
43633,2009-04-15 08:03:04,53.100082,-117.916007,"Alces alces",31
43634,2009-04-15 10:02:42,53.099998,-117.915903,"Alces alces",31
43635,2009-04-15 12:03:03,53.099352,-117.915143,"Alces alces",31
43636,2009-04-15 14:03:04,53.099428,-117.915277,"Alces alces",31
43637,2009-04-15 16:03:04,53.098927,-117.915412,"Alces alces",31
43638,2009-04-15 18:03:05,53.099053,-117.915835,"Alces alces",31
43639,2009-04-15 20:02:41,53.098935,-117.91364,"Alces alces",31
43640,2009-04-15 22:03:03,53.099073,-117.91346,"Alces alces",31
43641,2009-04-16 00:02:41,53.098923,-117.913563,"Alces alces",31
43642,2009-04-16 02:03:03,53.09904,-117.91363,"Alces alces",31
43643,2009-04-16 04:03:04,53.099068,-117.913653,"Alces alces",31
43644,2009-04-16 06:03:59,53.099033,-117.913603,"Alces alces",31
43645,2009-04-16 08:02:41,53.098932,-117.91361,"Alces alces",31
43646,2009-04-16 10:02:46,53.098995,-117.91355,"Alces alces",31
43647,2009-04-16 12:02:41,53.098735,-117.913373,"Alces alces",31
43648,2009-04-16 14:03:04,53.098932,-117.913578,"Alces alces",31
43649,2009-04-16 16:02:41,53.098992,-117.913658,"Alces alces",31
43650,2009-04-16 18:02:37,53.099025,-117.913713,"Alces alces",31
43651,2009-04-16 20:02:40,53.099003,-117.91349,"Alces alces",31
43652,2009-04-16 22:02:41,53.098895,-117.91333,"Alces alces",31
43653,2009-04-17 00:02:41,53.098918,-117.913558,"Alces alces",31
43654,2009-04-17 02:02:41,53.099043,-117.913673,"Alces alces",31
43655,2009-04-17 04:02:41,53.099002,-117.91357,"Alces alces",31
43656,2009-04-17 06:03:43,53.098987,-117.913462,"Alces alces",31
43657,2009-04-17 08:02:40,53.099015,-117.913578,"Alces alces",31
43658,2009-04-17 10:02:41,53.098978,-117.913487,"Alces alces",31
43659,2009-04-17 12:03:04,53.098787,-117.913577,"Alces alces",31
43660,2009-04-17 14:02:40,53.098963,-117.913583,"Alces alces",31
43661,2009-04-17 16:02:58,53.099033,-117.913602,"Alces alces",31
43662,2009-04-17 18:02:59,53.099082,-117.913598,"Alces alces",31
43663,2009-04-17 20:02:53,53.099032,-117.91336,"Alces alces",31
43664,2009-04-17 22:02:37,53.099077,-117.913553,"Alces alces",31
43665,2009-04-18 00:02:42,53.09907,-117.913652,"Alces alces",31
43666,2009-04-18 02:03:04,53.099035,-117.913597,"Alces alces",31
43667,2009-04-18 04:03:22,53.099153,-117.913622,"Alces alces",31
43668,2009-04-18 06:02:40,53.098857,-117.913285,"Alces alces",31
43669,2009-04-18 08:02:41,53.099005,-117.91357,"Alces alces",31
43670,2009-04-18 10:02:41,53.098998,-117.91336,"Alces alces",31
43671,2009-04-18 12:02:41,53.098902,-117.913207,"Alces alces",31
43672,2009-04-18 14:02:59,53.098988,-117.913523,"Alces alces",31
43673,2009-04-18 16:03:04,53.098958,-117.9136,"Alces alces",31
43674,2009-04-18 18:03:04,53.09911,-117.913613,"Alces alces",31
43675,2009-04-18 20:02:41,53.09907,-117.913762,"Alces alces",31
43676,2009-04-18 22:02:41,53.099047,-117.913497,"Alces alces",31
43677,2009-04-19 00:02:37,53.09891,-117.913428,"Alces alces",31
43678,2009-04-19 02:03:04,53.099027,-117.913558,"Alces alces",31
43679,2009-04-19 04:04:00,53.099008,-117.913568,"Alces alces",31
43680,2009-04-19 06:03:04,53.099085,-117.913655,"Alces alces",31
43681,2009-04-19 08:02:41,53.09903,-117.913592,"Alces alces",31
43682,2009-04-19 10:03:03,53.098988,-117.913505,"Alces alces",31
43683,2009-04-19 12:02:59,53.09906,-117.913568,"Alces alces",31
43684,2009-04-19 14:03:03,53.098975,-117.913613,"Alces alces",31
43685,2009-04-19 16:03:04,53.098997,-117.913608,"Alces alces",31
43686,2009-04-19 18:02:41,53.09894,-117.913615,"Alces alces",31
43687,2009-04-19 20:02:37,53.09897,-117.91346,"Alces alces",31
43688,2009-04-19 22:03:03,53.099045,-117.91366,"Alces alces",31
43689,2009-04-20 00:03:04,53.099155,-117.913612,"Alces alces",31
43690,2009-04-20 02:03:04,53.098997,-117.913595,"Alces alces",31
43691,2009-04-20 04:03:05,53.098928,-117.913745,"Alces alces",31
43692,2009-04-20 06:03:46,53.098968,-117.913702,"Alces alces",31
43693,2009-04-20 08:02:41,53.098965,-117.913605,"Alces alces",31
43694,2009-04-20 10:04:00,53.099002,-117.91359,"Alces alces",31
43695,2009-04-20 12:04:00,53.098963,-117.91361,"Alces alces",31
43696,2009-04-20 14:03:03,53.099018,-117.913728,"Alces alces",31
43697,2009-04-20 16:03:04,53.099062,-117.913785,"Alces alces",31
43698,2009-04-20 18:02:37,53.099035,-117.913498,"Alces alces",31
43699,2009-04-20 20:02:41,53.098905,-117.913522,"Alces alces",31
43700,2009-04-20 22:04:00,53.099057,-117.913503,"Alces alces",31
43701,2009-04-21 00:04:00,53.099022,-117.913702,"Alces alces",31
43702,2009-04-21 12:04:04,53.099063,-117.913422,"Alces alces",31
43703,2009-04-21 14:03:03,53.099,-117.913642,"Alces alces",31
43704,2009-04-21 16:03:03,53.099033,-117.91365,"Alces alces",31
43705,2009-04-21 18:04:00,53.098965,-117.91363,"Alces alces",31
43706,2009-04-21 20:03:04,53.099025,-117.913627,"Alces alces",31
43707,2009-04-21 22:03:05,53.099132,-117.913587,"Alces alces",31
43708,2009-04-22 00:02:53,53.099337,-117.913748,"Alces alces",31
43709,2009-04-22 02:04:00,53.098995,-117.91363,"Alces alces",31
43710,2009-04-22 20:04:17,53.099017,-117.913665,"Alces alces",31
43711,2009-04-23 02:04:04,53.098982,-117.913667,"Alces alces",31
43712,2009-04-24 00:04:21,53.099092,-117.913625,"Alces alces",31
43713,2009-04-24 02:04:00,53.099027,-117.913608,"Alces alces",31
43714,2009-04-24 08:02:59,53.099055,-117.91367,"Alces alces",31
43715,2009-04-24 10:03:16,53.098998,-117.913692,"Alces alces",31
43716,2009-04-24 12:03:03,53.099082,-117.913513,"Alces alces",31
43717,2009-04-24 14:03:20,53.098895,-117.913535,"Alces alces",31
43718,2009-04-24 16:03:04,53.099005,-117.913585,"Alces alces",31
43719,2009-04-24 18:02:41,53.099053,-117.91365,"Alces alces",31
43720,2009-04-24 20:02:45,53.099062,-117.913588,"Alces alces",31
43721,2009-04-24 22:03:03,53.098983,-117.91353,"Alces alces",31
43722,2009-04-25 00:03:44,53.09897,-117.91356,"Alces alces",31
43723,2009-04-25 02:03:10,53.099043,-117.913585,"Alces alces",31
43724,2009-04-25 04:03:04,53.099012,-117.913562,"Alces alces",31
43725,2009-04-25 08:02:46,53.099042,-117.913605,"Alces alces",31
43726,2009-04-25 10:03:01,53.099028,-117.913542,"Alces alces",31
43727,2009-04-25 12:02:41,53.098972,-117.913497,"Alces alces",31
43728,2009-04-25 14:02:58,53.099398,-117.91376,"Alces alces",31
43729,2009-04-25 16:03:03,53.099012,-117.913592,"Alces alces",31
43730,2009-04-25 18:03:04,53.099075,-117.913607,"Alces alces",31
43731,2009-04-25 20:02:41,53.099057,-117.913613,"Alces alces",31
43732,2009-04-25 22:02:45,53.099007,-117.913647,"Alces alces",31
43733,2009-04-26 00:03:18,53.098908,-117.913595,"Alces alces",31
43734,2009-04-26 02:03:03,53.099132,-117.913567,"Alces alces",31
43735,2009-04-26 04:02:55,53.099012,-117.913558,"Alces alces",31
43736,2009-04-26 06:04:05,53.099087,-117.913423,"Alces alces",31
43737,2009-04-26 08:03:03,53.099108,-117.913568,"Alces alces",31
43738,2009-04-26 10:02:52,53.099062,-117.913573,"Alces alces",31
43739,2009-04-26 12:03:34,53.099342,-117.913345,"Alces alces",31
43740,2009-04-26 14:03:05,53.099103,-117.913618,"Alces alces",31
43741,2009-04-26 16:03:04,53.099013,-117.91358,"Alces alces",31
43742,2009-04-26 18:02:40,53.098987,-117.913575,"Alces alces",31
43743,2009-04-26 20:04:00,53.099025,-117.913593,"Alces alces",31
43744,2009-04-26 22:03:03,53.099,-117.913563,"Alces alces",31
43745,2009-04-27 00:03:23,53.099133,-117.913562,"Alces alces",31
43746,2009-04-27 02:03:04,53.09902,-117.91356,"Alces alces",31
43747,2009-04-27 04:02:41,53.098992,-117.9135,"Alces alces",31
43748,2009-04-27 06:04:00,53.09875,-117.913468,"Alces alces",31
43749,2009-04-27 08:03:03,53.099127,-117.913562,"Alces alces",31
43750,2009-04-27 10:02:40,53.099067,-117.913532,"Alces alces",31
43751,2009-04-27 12:02:59,53.099125,-117.91357,"Alces alces",31
43752,2009-04-27 14:03:05,53.099062,-117.913515,"Alces alces",31
43753,2009-04-27 16:03:04,53.098962,-117.913568,"Alces alces",31
43754,2009-04-27 18:03:05,53.09907,-117.913598,"Alces alces",31
43755,2009-04-27 20:02:54,53.099057,-117.913495,"Alces alces",31
43756,2009-04-27 22:02:41,53.099023,-117.913597,"Alces alces",31
43757,2009-04-28 00:02:41,53.099062,-117.913567,"Alces alces",31
43758,2009-04-28 02:03:04,53.09899,-117.913597,"Alces alces",31
43759,2009-04-28 04:03:03,53.099025,-117.913597,"Alces alces",31
43760,2009-04-28 08:03:04,53.099092,-117.913548,"Alces alces",31
43761,2009-04-28 10:02:37,53.099048,-117.913525,"Alces alces",31
43762,2009-04-28 12:02:53,53.099075,-117.913648,"Alces alces",31
43763,2009-04-28 14:03:35,53.09915,-117.913538,"Alces alces",31
43764,2009-04-28 16:02:41,53.099022,-117.913548,"Alces alces",31
43765,2009-04-28 18:02:41,53.09895,-117.913617,"Alces alces",31
43766,2009-04-28 20:02:58,53.099037,-117.913568,"Alces alces",31
43767,2009-04-28 22:02:41,53.0991,-117.913855,"Alces alces",31
43768,2009-04-29 00:02:44,53.09921,-117.913558,"Alces alces",31
43769,2009-04-29 02:03:34,53.098997,-117.913657,"Alces alces",31
43770,2009-04-29 04:03:03,53.099022,-117.913603,"Alces alces",31
43771,2009-04-29 06:03:05,53.098987,-117.913585,"Alces alces",31
43772,2009-04-29 08:03:03,53.099082,-117.913608,"Alces alces",31
43773,2009-04-29 10:02:37,53.098968,-117.913475,"Alces alces",31
43774,2009-04-29 12:02:41,53.099115,-117.913663,"Alces alces",31
43775,2009-04-29 14:03:29,53.099072,-117.913647,"Alces alces",31
43776,2009-04-29 16:02:40,53.098997,-117.913517,"Alces alces",31
43777,2009-04-29 18:03:04,53.098982,-117.913578,"Alces alces",31
43778,2009-04-29 20:02:40,53.099073,-117.913633,"Alces alces",31
43779,2009-04-29 22:03:03,53.099008,-117.91364,"Alces alces",31
43780,2009-04-30 00:02:41,53.099155,-117.913645,"Alces alces",31
43781,2009-04-30 02:03:03,53.098992,-117.913602,"Alces alces",31
43782,2009-04-30 04:03:01,53.099187,-117.913607,"Alces alces",31
43783,2009-04-30 06:03:36,53.099033,-117.913532,"Alces alces",31
43784,2009-04-30 08:02:45,53.098923,-117.913628,"Alces alces",31
43785,2009-04-30 10:02:41,53.098945,-117.913502,"Alces alces",31
43786,2009-04-30 12:03:03,53.099057,-117.913543,"Alces alces",31
43787,2009-04-30 14:02:53,53.099115,-117.913588,"Alces alces",31
43788,2009-04-30 16:02:41,53.099003,-117.913608,"Alces alces",31
43789,2009-04-30 18:02:43,53.099048,-117.913733,"Alces alces",31
43790,2009-04-30 20:02:41,53.099053,-117.913682,"Alces alces",31
43791,2009-04-30 22:03:03,53.099067,-117.913592,"Alces alces",31
43792,2009-05-01 00:03:12,53.099172,-117.913567,"Alces alces",31
43793,2009-05-01 02:03:04,53.099065,-117.913502,"Alces alces",31
43794,2009-05-01 04:02:54,53.099022,-117.913582,"Alces alces",31
43795,2009-05-01 06:04:00,53.099033,-117.913502,"Alces alces",31
43796,2009-05-01 08:03:03,53.099042,-117.913602,"Alces alces",31
43797,2009-05-01 10:02:40,53.098975,-117.91353,"Alces alces",31
43798,2009-05-01 14:03:41,53.099057,-117.913523,"Alces alces",31
43799,2009-05-01 16:02:58,53.099008,-117.913528,"Alces alces",31
43800,2009-05-01 18:02:36,53.099072,-117.913735,"Alces alces",31
43801,2009-05-01 20:02:41,53.099037,-117.913385,"Alces alces",31
43802,2009-05-01 22:03:04,53.099072,-117.913538,"Alces alces",31
43803,2009-05-02 00:03:11,53.099177,-117.913532,"Alces alces",31
43804,2009-05-02 02:03:04,53.09899,-117.91358,"Alces alces",31
43805,2009-05-02 04:02:46,53.099002,-117.913525,"Alces alces",31
43806,2009-05-02 06:04:00,53.099008,-117.913593,"Alces alces",31
43807,2009-05-02 08:03:04,53.099008,-117.913588,"Alces alces",31
43808,2009-05-02 10:02:59,53.099043,-117.913552,"Alces alces",31
43809,2009-05-02 12:04:00,53.099043,-117.913573,"Alces alces",31
43810,2009-05-02 14:03:04,53.099085,-117.91356,"Alces alces",31
43811,2009-05-02 16:02:37,53.099058,-117.913583,"Alces alces",31
43812,2009-05-02 18:02:53,53.099043,-117.913585,"Alces alces",31
43813,2009-05-02 20:03:04,53.099012,-117.91366,"Alces alces",31
43814,2009-05-02 22:03:04,53.099052,-117.913497,"Alces alces",31
43815,2009-05-03 00:02:41,53.098955,-117.913573,"Alces alces",31
43816,2009-05-03 02:03:04,53.099217,-117.913555,"Alces alces",31
43817,2009-05-03 04:03:05,53.099057,-117.913613,"Alces alces",31
43818,2009-05-03 06:04:00,53.099062,-117.913532,"Alces alces",31
43819,2009-05-03 08:03:03,53.099067,-117.913543,"Alces alces",31
43820,2009-05-03 10:02:41,53.099132,-117.91362,"Alces alces",31
43821,2009-05-03 12:03:58,53.09889,-117.913635,"Alces alces",31
43822,2009-05-03 14:03:04,53.099097,-117.913603,"Alces alces",31
43823,2009-05-03 16:02:48,53.098998,-117.913603,"Alces alces",31
43824,2009-05-03 18:03:04,53.098993,-117.913602,"Alces alces",31
43825,2009-05-03 20:02:58,53.099047,-117.913605,"Alces alces",31
43826,2009-05-03 22:03:04,53.099013,-117.913587,"Alces alces",31
43827,2009-05-04 00:02:47,53.099113,-117.913578,"Alces alces",31
43828,2009-05-04 02:03:04,53.099032,-117.913482,"Alces alces",31
43829,2009-05-04 04:02:58,53.099035,-117.913608,"Alces alces",31
43830,2009-05-04 06:03:34,53.099017,-117.913607,"Alces alces",31
43831,2009-05-04 08:02:52,53.09904,-117.913518,"Alces alces",31
43832,2009-05-04 10:02:40,53.099007,-117.913512,"Alces alces",31
43833,2009-05-04 12:04:00,53.098988,-117.913607,"Alces alces",31
43834,2009-05-04 14:03:04,53.099013,-117.91356,"Alces alces",31
43835,2009-05-04 16:02:37,53.099018,-117.913603,"Alces alces",31
43836,2009-05-04 18:03:03,53.099057,-117.913567,"Alces alces",31
43837,2009-05-04 20:02:49,53.099105,-117.913542,"Alces alces",31
43838,2009-05-04 22:03:04,53.099003,-117.913575,"Alces alces",31
43839,2009-05-05 00:03:03,53.09907,-117.9136,"Alces alces",31
43840,2009-05-05 02:03:03,53.09906,-117.913592,"Alces alces",31
43841,2009-05-05 04:04:00,53.099042,-117.91359,"Alces alces",31
43842,2009-05-05 06:02:41,53.099007,-117.913682,"Alces alces",31
43843,2009-05-05 08:02:41,53.099013,-117.913782,"Alces alces",31
43844,2009-05-05 10:03:04,53.099093,-117.913565,"Alces alces",31
43845,2009-05-05 12:03:43,53.09902,-117.913635,"Alces alces",31
43846,2009-05-05 14:03:03,53.099077,-117.913578,"Alces alces",31
43847,2009-05-05 16:02:46,53.099045,-117.913592,"Alces alces",31
43848,2009-05-05 18:02:41,53.09908,-117.913755,"Alces alces",31
43849,2009-05-05 20:03:03,53.09906,-117.913653,"Alces alces",31
43850,2009-05-05 22:03:04,53.098975,-117.913587,"Alces alces",31
43851,2009-05-06 00:02:50,53.09904,-117.913572,"Alces alces",31
43852,2009-05-06 02:03:05,53.098802,-117.91361,"Alces alces",31
43853,2009-05-06 04:03:04,53.099093,-117.913652,"Alces alces",31
43854,2009-05-06 06:02:44,53.099002,-117.913455,"Alces alces",31
43855,2009-05-06 08:02:47,53.099085,-117.91341,"Alces alces",31
43856,2009-05-06 10:03:03,53.099017,-117.913543,"Alces alces",31
43857,2009-05-06 12:03:04,53.098983,-117.913582,"Alces alces",31
43858,2009-05-06 14:03:04,53.099067,-117.91356,"Alces alces",31
43859,2009-05-06 16:02:41,53.099055,-117.913583,"Alces alces",31
43860,2009-05-06 18:03:03,53.099055,-117.9136,"Alces alces",31
43861,2009-05-06 20:02:41,53.098957,-117.91356,"Alces alces",31
43862,2009-05-06 22:02:41,53.099128,-117.91353,"Alces alces",31
43863,2009-05-07 00:03:03,53.099027,-117.91349,"Alces alces",31
43864,2009-05-07 02:03:13,53.09913,-117.913598,"Alces alces",31
43865,2009-05-07 04:03:34,53.099068,-117.913518,"Alces alces",31
43866,2009-05-07 06:02:37,53.098968,-117.913225,"Alces alces",31
43867,2009-05-07 08:02:41,53.09899,-117.913538,"Alces alces",31
43868,2009-05-07 10:02:49,53.098988,-117.913508,"Alces alces",31
43869,2009-05-07 12:03:04,53.099058,-117.913567,"Alces alces",31
43870,2009-05-07 14:02:40,53.099038,-117.913572,"Alces alces",31
43871,2009-05-07 16:02:47,53.099087,-117.913528,"Alces alces",31
43872,2009-05-07 18:02:41,53.098855,-117.91347,"Alces alces",31
43873,2009-05-07 20:02:37,53.09904,-117.913638,"Alces alces",31
43874,2009-05-07 22:03:03,53.09911,-117.913573,"Alces alces",31
43875,2009-05-08 00:03:03,53.098972,-117.913557,"Alces alces",31
43876,2009-05-08 02:02:47,53.09887,-117.913488,"Alces alces",31
43877,2009-05-08 04:04:00,53.099033,-117.913582,"Alces alces",31
43878,2009-05-08 06:02:41,53.09896,-117.913442,"Alces alces",31
43879,2009-05-08 08:03:04,53.099033,-117.913588,"Alces alces",31
43880,2009-05-08 10:02:52,53.098922,-117.913673,"Alces alces",31
43881,2009-05-08 12:03:23,53.099078,-117.913598,"Alces alces",31
43882,2009-05-08 14:03:28,53.099057,-117.913597,"Alces alces",31
43883,2009-05-08 16:03:05,53.099007,-117.913577,"Alces alces",31
43884,2009-05-08 18:02:52,53.099017,-117.913593,"Alces alces",31
43885,2009-05-08 20:02:41,53.099005,-117.913278,"Alces alces",31
43886,2009-05-08 22:03:04,53.09901,-117.913582,"Alces alces",31
43887,2009-05-09 00:02:43,53.099038,-117.913597,"Alces alces",31
43888,2009-05-09 02:04:00,53.099013,-117.9136,"Alces alces",31
43889,2009-05-09 04:04:00,53.098988,-117.913628,"Alces alces",31
43890,2009-05-09 06:02:59,53.099,-117.913562,"Alces alces",31
43891,2009-05-09 08:02:41,53.098958,-117.913493,"Alces alces",31
43892,2009-05-09 10:03:04,53.099087,-117.91357,"Alces alces",31
43893,2009-05-09 12:03:04,53.098978,-117.913592,"Alces alces",31
43894,2009-05-09 14:03:04,53.099107,-117.913593,"Alces alces",31
43895,2009-05-09 16:03:05,53.099068,-117.913508,"Alces alces",31
43896,2009-05-09 18:02:41,53.099117,-117.913635,"Alces alces",31
43897,2009-05-09 20:03:03,53.099047,-117.913667,"Alces alces",31
43898,2009-05-09 22:03:04,53.09897,-117.91356,"Alces alces",31
43899,2009-05-10 00:02:37,53.099022,-117.913515,"Alces alces",31
43900,2009-05-10 02:04:00,53.09903,-117.913567,"Alces alces",31
43901,2009-05-10 04:03:11,53.098995,-117.913583,"Alces alces",31
43902,2009-05-10 06:03:04,53.098978,-117.913585,"Alces alces",31
43903,2009-05-10 08:03:03,53.09904,-117.91358,"Alces alces",31
43904,2009-05-10 10:02:41,53.098955,-117.913362,"Alces alces",31
43905,2009-05-10 12:03:34,53.099048,-117.913558,"Alces alces",31
43906,2009-05-10 14:03:05,53.099102,-117.913603,"Alces alces",31
43907,2009-05-10 16:04:00,53.099118,-117.91358,"Alces alces",31
43908,2009-05-10 18:02:47,53.09902,-117.913318,"Alces alces",31
43909,2009-05-10 20:02:41,53.09899,-117.913905,"Alces alces",31
43910,2009-05-10 22:03:03,53.099007,-117.913558,"Alces alces",31
43911,2009-05-11 00:03:01,53.099145,-117.913625,"Alces alces",31
43912,2009-05-11 02:04:00,53.099093,-117.913573,"Alces alces",31
43913,2009-05-11 04:03:23,53.099043,-117.913592,"Alces alces",31
43914,2009-05-11 06:03:04,53.09905,-117.913592,"Alces alces",31
43915,2009-05-11 08:02:37,53.099053,-117.913558,"Alces alces",31
43916,2009-05-11 10:02:40,53.098763,-117.91344,"Alces alces",31
43917,2009-05-11 12:03:04,53.099033,-117.913562,"Alces alces",31
43918,2009-05-11 14:03:06,53.098993,-117.913607,"Alces alces",31
43919,2009-05-11 16:03:40,53.099188,-117.913535,"Alces alces",31
43920,2009-05-11 18:02:37,53.09899,-117.913483,"Alces alces",31
43921,2009-05-11 20:02:47,53.099075,-117.913692,"Alces alces",31
43922,2009-05-11 22:03:04,53.09903,-117.913613,"Alces alces",31
43923,2009-05-12 00:03:03,53.099015,-117.91365,"Alces alces",31
43924,2009-05-12 02:04:00,53.09902,-117.913578,"Alces alces",31
43925,2009-05-12 04:03:04,53.099055,-117.913535,"Alces alces",31
43926,2009-05-12 06:03:04,53.099017,-117.913498,"Alces alces",31
43927,2009-05-12 08:02:40,53.099032,-117.91356,"Alces alces",31
43928,2009-05-12 10:03:05,53.098998,-117.913578,"Alces alces",31
43929,2009-05-12 12:03:04,53.099005,-117.913588,"Alces alces",31
43930,2009-05-12 14:02:59,53.098902,-117.913375,"Alces alces",31
43931,2009-05-12 16:03:35,53.099097,-117.913555,"Alces alces",31
43932,2009-05-12 18:02:41,53.098995,-117.913623,"Alces alces",31
43933,2009-05-12 20:02:41,53.098978,-117.913613,"Alces alces",31
43934,2009-05-12 22:03:03,53.099038,-117.913567,"Alces alces",31
43935,2009-05-13 00:03:00,53.099017,-117.913527,"Alces alces",31
43936,2009-05-13 02:04:00,53.098898,-117.913672,"Alces alces",31
43937,2009-05-13 04:03:04,53.099023,-117.91352,"Alces alces",31
43938,2009-05-13 06:03:03,53.099058,-117.913565,"Alces alces",31
43939,2009-05-13 08:02:55,53.099122,-117.913577,"Alces alces",31
43940,2009-05-13 10:03:11,53.098898,-117.913445,"Alces alces",31
43941,2009-05-13 12:03:04,53.099012,-117.913605,"Alces alces",31
43942,2009-05-13 16:03:35,53.0991,-117.913598,"Alces alces",31
43943,2009-05-13 18:02:41,53.099075,-117.91355,"Alces alces",31
43944,2009-05-13 20:02:41,53.099033,-117.913472,"Alces alces",31
43945,2009-05-13 22:03:03,53.099067,-117.913588,"Alces alces",31
43946,2009-05-14 00:03:05,53.099,-117.913582,"Alces alces",31
43947,2009-05-14 02:04:00,53.098992,-117.913547,"Alces alces",31
43948,2009-05-14 04:03:54,53.099005,-117.913608,"Alces alces",31
43949,2009-05-14 06:03:03,53.099025,-117.913598,"Alces alces",31
43950,2009-05-14 08:03:03,53.099128,-117.913525,"Alces alces",31
43951,2009-05-14 10:03:03,53.099072,-117.91361,"Alces alces",31
43952,2009-05-14 12:03:04,53.098917,-117.913538,"Alces alces",31
43953,2009-05-14 14:04:00,53.098945,-117.913672,"Alces alces",31
43954,2009-05-14 16:03:33,53.099002,-117.913602,"Alces alces",31
43955,2009-05-14 18:02:41,53.099057,-117.913643,"Alces alces",31
43956,2009-05-14 20:02:41,53.099035,-117.913562,"Alces alces",31
43957,2009-05-14 22:03:04,53.099063,-117.913603,"Alces alces",31
43958,2009-05-15 00:03:47,53.099108,-117.91355,"Alces alces",31
43959,2009-05-15 02:04:00,53.099102,-117.913618,"Alces alces",31
43960,2009-05-15 04:04:00,53.099073,-117.913608,"Alces alces",31
43961,2009-05-15 06:02:40,53.099013,-117.913682,"Alces alces",31
43962,2009-05-15 08:03:04,53.09897,-117.91357,"Alces alces",31
43963,2009-05-15 10:02:40,53.099055,-117.91347,"Alces alces",31
43964,2009-05-15 12:03:04,53.09905,-117.913533,"Alces alces",31
43965,2009-05-15 14:04:00,53.098992,-117.913508,"Alces alces",31
43966,2009-05-15 16:03:05,53.098997,-117.913595,"Alces alces",31
43967,2009-05-15 18:03:00,53.099035,-117.913518,"Alces alces",31
43968,2009-05-15 20:02:41,53.099042,-117.913542,"Alces alces",31
43969,2009-05-15 22:03:43,53.099003,-117.913607,"Alces alces",31
43970,2009-05-16 00:03:04,53.099053,-117.913565,"Alces alces",31
43971,2009-05-16 02:03:58,53.098957,-117.913548,"Alces alces",31
43972,2009-05-16 04:03:04,53.09905,-117.913597,"Alces alces",31
43973,2009-05-16 06:02:41,53.099128,-117.913573,"Alces alces",31
43974,2009-05-16 08:02:41,53.09899,-117.913685,"Alces alces",31
43975,2009-05-16 10:04:00,53.099007,-117.91358,"Alces alces",31
43976,2009-05-16 12:02:43,53.099148,-117.913518,"Alces alces",31
43977,2009-05-16 14:03:27,53.099028,-117.913522,"Alces alces",31
43978,2009-05-16 18:03:05,53.099063,-117.913675,"Alces alces",31
43979,2009-05-16 20:02:52,53.098943,-117.913292,"Alces alces",31
43980,2009-05-16 22:04:00,53.099025,-117.913567,"Alces alces",31
43981,2009-05-17 00:03:35,53.098983,-117.913387,"Alces alces",31
43982,2009-05-17 02:04:00,53.098988,-117.913555,"Alces alces",31
43983,2009-05-17 04:04:00,53.099063,-117.913572,"Alces alces",31
43984,2009-05-17 06:03:03,53.098977,-117.913485,"Alces alces",31
43985,2009-05-17 08:02:37,53.099045,-117.913512,"Alces alces",31
43986,2009-05-17 10:04:00,53.09903,-117.913547,"Alces alces",31
43987,2009-05-17 12:03:04,53.099032,-117.913577,"Alces alces",31
43988,2009-05-17 14:03:12,53.099038,-117.913623,"Alces alces",31
43989,2009-05-17 16:03:03,53.099008,-117.91371,"Alces alces",31
43990,2009-05-17 18:03:04,53.099017,-117.913555,"Alces alces",31
43991,2009-05-17 20:02:40,53.099025,-117.913553,"Alces alces",31
43992,2009-05-17 22:03:51,53.09902,-117.913595,"Alces alces",31
43993,2009-05-18 00:03:04,53.099062,-117.913548,"Alces alces",31
43994,2009-05-18 02:03:53,53.099103,-117.913588,"Alces alces",31
43995,2009-05-18 04:02:56,53.099157,-117.913502,"Alces alces",31
43996,2009-05-18 06:03:03,53.099065,-117.91349,"Alces alces",31
43997,2009-05-18 08:02:40,53.099038,-117.913597,"Alces alces",31
43998,2009-05-18 10:03:04,53.099025,-117.913567,"Alces alces",31
43999,2009-05-18 12:03:28,53.099033,-117.913668,"Alces alces",31
44000,2009-05-18 14:03:45,53.099052,-117.913652,"Alces alces",31
44001,2009-05-18 16:03:04,53.099022,-117.913577,"Alces alces",31
44002,2009-05-18 18:02:41,53.09899,-117.913553,"Alces alces",31
44003,2009-05-18 20:02:47,53.098983,-117.91359,"Alces alces",31
44004,2009-05-18 22:04:00,53.099083,-117.913543,"Alces alces",31
44005,2009-05-19 00:03:28,53.098988,-117.913523,"Alces alces",31
44006,2009-05-19 02:03:03,53.099042,-117.913568,"Alces alces",31
44007,2009-05-19 04:02:41,53.09902,-117.913502,"Alces alces",31
44008,2009-05-19 06:03:03,53.099078,-117.913563,"Alces alces",31
44009,2009-05-19 08:02:40,53.098968,-117.913528,"Alces alces",31
44010,2009-05-19 10:03:05,53.099017,-117.913453,"Alces alces",31
44011,2009-05-19 12:04:00,53.099015,-117.913643,"Alces alces",31
44012,2009-05-19 16:03:05,53.098967,-117.913568,"Alces alces",31
44013,2009-05-19 18:03:04,53.09901,-117.913555,"Alces alces",31
44014,2009-05-19 20:03:04,53.099013,-117.913582,"Alces alces",31
44015,2009-05-19 22:04:00,53.098985,-117.913562,"Alces alces",31
44016,2009-05-20 00:03:04,53.099037,-117.913572,"Alces alces",31
44017,2009-05-20 02:03:49,53.09906,-117.913692,"Alces alces",31
44018,2009-05-20 04:04:00,53.099003,-117.913623,"Alces alces",31
44019,2009-05-20 06:02:41,53.099003,-117.913505,"Alces alces",31
44020,2009-05-20 08:03:04,53.099052,-117.913387,"Alces alces",31
44021,2009-05-20 10:04:00,53.098993,-117.913563,"Alces alces",31
44022,2009-05-20 12:04:00,53.09903,-117.913503,"Alces alces",31
44023,2009-05-20 16:03:35,53.09901,-117.913593,"Alces alces",31
44024,2009-05-20 18:02:53,53.099,-117.913713,"Alces alces",31
44025,2009-05-20 20:02:41,53.099048,-117.913532,"Alces alces",31
44026,2009-05-20 22:03:05,53.09894,-117.91361,"Alces alces",31
44027,2009-05-21 00:04:00,53.09899,-117.913582,"Alces alces",31
44028,2009-05-21 02:04:00,53.099038,-117.913567,"Alces alces",31
44029,2009-05-21 04:04:00,53.099063,-117.913607,"Alces alces",31
44030,2009-05-21 06:02:52,53.098995,-117.913598,"Alces alces",31
44031,2009-05-21 08:02:41,53.099028,-117.913625,"Alces alces",31
44032,2009-05-21 10:04:00,53.099128,-117.913528,"Alces alces",31
44033,2009-05-21 12:03:04,53.098995,-117.913578,"Alces alces",31
44034,2009-05-21 14:04:00,53.099012,-117.91354,"Alces alces",31
44035,2009-05-21 16:03:59,53.09901,-117.913635,"Alces alces",31
44036,2009-05-21 18:03:42,53.099028,-117.913633,"Alces alces",31
44037,2009-05-21 20:02:41,53.099012,-117.913648,"Alces alces",31
44038,2009-05-21 22:04:00,53.099035,-117.913628,"Alces alces",31
